Datetime,Water Level (m)
2025-04-28 12:00:00,0.49454635
2025-04-28 13:00:00,0.36101416
2025-04-28 14:00:00,0.20386721
2025-04-28 15:00:00,0.03338941
2025-04-28 16:00:00,-0.12423944
2025-04-28 17:00:00,-0.20760362
2025-04-28 18:00:00,-0.08797677
2025-04-28 19:00:00,0.14197867
2025-04-28 20:00:00,0.38593856
2025-04-28 21:00:00,0.52868825
2025-04-28 22:00:00,0.5655258
2025-04-28 23:00:00,0.46872437
2025-04-29 00:00:00,0.34402642
2025-04-29 01:00:00,0.21666743
2025-04-29 02:00:00,0.07071114
2025-04-29 03:00:00,-0.08084955
2025-04-29 04:00:00,-0.2329488
2025-04-29 05:00:00,-0.3382461
2025-04-29 06:00:00,-0.21664545
2025-04-29 07:00:00,0.050965577
2025-04-29 08:00:00,0.37209356
2025-04-29 09:00:00,0.6079094
2025-04-29 10:00:00,0.75640965
2025-04-29 11:00:00,0.76175916
2025-04-29 12:00:00,0.6616404
2025-04-29 13:00:00,0.54311496
2025-04-29 14:00:00,0.40808672
2025-04-29 15:00:00,0.24536337
2025-04-29 16:00:00,0.073778614
2025-04-29 17:00:00,-0.07865203
2025-04-29 18:00:00,-0.13394973
2025-04-29 19:00:00,0.021586372
2025-04-29 20:00:00,0.25861314
2025-04-29 21:00:00,0.4386034
2025-04-29 22:00:00,0.5209626
2025-04-29 23:00:00,0.49426547
2025-04-30 00:00:00,0.38427356
2025-04-30 01:00:00,0.26221126
2025-04-30 02:00:00,0.13376431
2025-04-30 03:00:00,-0.0064658057
2025-04-30 04:00:00,-0.15795381
2025-04-30 05:00:00,-0.2983244
2025-04-30 06:00:00,-0.35215208
2025-04-30 07:00:00,-0.1789196
2025-04-30 08:00:00,0.12478229
2025-04-30 09:00:00,0.41222754
2025-04-30 10:00:00,0.62127465
2025-04-30 11:00:00,0.738703
2025-04-30 12:00:00,0.69831645
2025-04-30 13:00:00,0.5989218
2025-04-30 14:00:00,0.4810664
2025-04-30 15:00:00,0.34122413
2025-04-30 16:00:00,0.1825373
2025-04-30 17:00:00,0.022610515
2025-04-30 18:00:00,-0.10631203
2025-04-30 19:00:00,-0.084020786
2025-04-30 20:00:00,0.07747216
2025-04-30 21:00:00,0.29023093
2025-04-30 22:00:00,0.41782996
2025-04-30 23:00:00,0.4680463
2025-05-01 00:00:00,0.4059865
2025-05-01 01:00:00,0.28845024
2025-05-01 02:00:00,0.17259748
2025-05-01 03:00:00,0.047132477
2025-05-01 04:00:00,-0.08978325
2025-05-01 05:00:00,-0.22887586
2025-05-01 06:00:00,-0.3453754
2025-05-01 07:00:00,-0.3069212
2025-05-01 08:00:00,-0.093827344
2025-05-01 09:00:00,0.21424843
2025-05-01 10:00:00,0.4403515
2025-05-01 11:00:00,0.6114602
2025-05-01 12:00:00,0.6838948
2025-05-01 13:00:00,0.6150136
2025-05-01 14:00:00,0.5159504
2025-05-01 15:00:00,0.40067816
2025-05-01 16:00:00,0.26197767
2025-05-01 17:00:00,0.10617223
2025-05-01 18:00:00,-0.039721884
2025-05-01 19:00:00,-0.14158304
2025-05-01 20:00:00,-0.08682798
2025-05-01 21:00:00,0.05923026
2025-05-01 22:00:00,0.22884487
2025-05-01 23:00:00,0.31587142
2025-05-02 00:00:00,0.33066902
2025-05-02 01:00:00,0.25634974
2025-05-02 02:00:00,0.1526237
2025-05-02 03:00:00,0.050533462
2025-05-02 04:00:00,-0.065026194
2025-05-02 05:00:00,-0.18732159
2025-05-02 06:00:00,-0.30614263
2025-05-02 07:00:00,-0.37293252
2025-05-02 08:00:00,-0.26477197
2025-05-02 09:00:00,-0.027983103
2025-05-02 10:00:00,0.23024847
2025-05-02 11:00:00,0.42376894
2025-05-02 12:00:00,0.5693503
2025-05-02 13:00:00,0.6031206
2025-05-02 14:00:00,0.530279
2025-05-02 15:00:00,0.43338436
2025-05-02 16:00:00,0.31564194
2025-05-02 17:00:00,0.18396345
2025-05-02 18:00:00,0.040557787
2025-05-02 19:00:00,-0.08292741
2025-05-02 20:00:00,-0.14710173
2025-05-02 21:00:00,-0.07788927
2025-05-02 22:00:00,0.051824614
2025-05-02 23:00:00,0.1717007
2025-05-03 00:00:00,0.22517794
2025-05-03 01:00:00,0.22731288
2025-05-03 02:00:00,0.16331135
2025-05-03 03:00:00,0.072674304
2025-05-03 04:00:00,-0.015278018
2025-05-03 05:00:00,-0.11799491
2025-05-03 06:00:00,-0.22076598
2025-05-03 07:00:00,-0.30508643
2025-05-03 08:00:00,-0.28958115
2025-05-03 09:00:00,-0.14067179
2025-05-03 10:00:00,0.096418425
2025-05-03 11:00:00,0.27546382
2025-05-03 12:00:00,0.4296193
2025-05-03 13:00:00,0.52550465
2025-05-03 14:00:00,0.52513474
2025-05-03 15:00:00,0.46019763
2025-05-03 16:00:00,0.3723328
2025-05-03 17:00:00,0.26092863
2025-05-03 18:00:00,0.14289246
2025-05-03 19:00:00,0.019470347
2025-05-03 20:00:00,-0.08734521
2025-05-03 21:00:00,-0.13980195
2025-05-03 22:00:00,-0.08178031
2025-05-03 23:00:00,0.019295191
2025-05-04 00:00:00,0.09865426
2025-05-04 01:00:00,0.14600447
2025-05-04 02:00:00,0.16275312
2025-05-04 03:00:00,0.12052784
2025-05-04 04:00:00,0.051389486
2025-05-04 05:00:00,-0.015547034
2025-05-04 06:00:00,-0.09548499
2025-05-04 07:00:00,-0.17228098
2025-05-04 08:00:00,-0.22148123
2025-05-04 09:00:00,-0.17919637
2025-05-04 10:00:00,-0.040397294
2025-05-04 11:00:00,0.1573954
2025-05-04 12:00:00,0.3026953
